,Country,City,Latitude,Longitude,Max Temp,Humidity,Cloudiness,Wind Speed,Date
0,NE,Arlit,18.7369,7.3853,97.66,13,40,3.22,1601456400
1,AU,Busselton,-33.65,115.3333,62.8,74,100,13.82,1601456400
2,RU,Nikolskoye,59.7035,30.7861,59.59,80,67,4.0,1601456400
3,NZ,Ahipara,-35.1667,173.1667,52.88,73,18,5.64,1601456400
4,NA,Lüderitz,-26.6481,15.1594,66.27,55,0,24.81,1601456400
5,CN,Altay,47.8667,88.1167,45.48,56,70,7.61,1601456400
6,NZ,Bluff,-46.6,168.3333,48.94,86,87,14.63,1601456400
7,US,Plainview,40.7765,-73.4673,71.02,90,95,14.16,1601456400
8,CL,Punta Arenas,-53.15,-70.9167,35.89,87,86,24.96,1601456400
9,CA,Provost,52.3501,-110.2683,45.55,58,0,10.74,1601456400
10,ZA,Cape Town,-33.9258,18.4232,59.13,53,60,9.19,1601456400
11,RU,Verkhnyaya Maksakovka,61.635,50.9674,56.84,68,100,4.72,1601456400
12,GL,Qaanaaq,77.484,-69.3632,13.96,78,0,6.06,1601456400
13,MX,Cabo San Lucas,22.8909,-109.9124,80.37,76,0,2.86,1601456400
14,ZA,Port Alfred,-33.5906,26.891,67.95,52,2,13.78,1601456400
15,AU,Mount Gambier,-37.8333,140.7667,51.19,84,74,9.01,1601456400
16,RU,Dikson,73.5069,80.5464,35.94,81,100,13.47,1601456400
17,RU,Ostashkov,57.1467,33.1075,59.38,60,34,7.83,1601456400
18,MU,Bambous Virieux,-20.3428,57.7575,74.86,73,48,12.86,1601456400
19,PY,Pedro Juan Caballero,-22.5472,-55.7333,74.95,48,18,5.08,1601456400
20,MX,Praxédis Guerrero,31.3667,-106.0167,62.58,28,1,3.27,1601456400
21,RE,Saint-Philippe,-21.3585,55.7679,74.17,69,39,13.04,1601456400
22,MU,Mahébourg,-20.4081,57.7,74.73,72,47,13.13,1601456400
23,PT,Ribeira Grande,38.5167,-28.7,67.28,78,21,11.25,1601456400
24,SA,Abhā,18.2164,42.5053,77.05,21,2,3.4,1601456400
25,IN,Tiruchchendur,8.4833,78.1167,93.38,51,38,15.66,1601456400
26,CN,Linfen,36.0889,111.5189,73.89,48,94,7.81,1601456400
27,US,Kapaa,22.0752,-159.319,78.46,77,1,5.7,1601456400
28,AU,Hobart,-42.8794,147.3294,57.2,62,87,8.55,1601456400
29,IN,Kavaratti,10.5669,72.642,82.62,76,60,12.57,1601456400
30,CL,Coquimbo,-29.9533,-71.3436,50.2,78,0,4.36,1601456400
31,US,Saint Paul Harbor,57.79,-152.4072,51.84,95,95,19.42,1601456400
32,UA,Zolochiv,49.806,24.8944,55.56,97,87,10.36,1601456400
33,BR,Cidreira,-30.1811,-50.2056,62.55,92,59,7.36,1601456400
34,GA,Omboué,-1.5746,9.2618,81.16,67,99,6.17,1601456400
35,ES,Alcúdia,39.8532,3.1214,70.77,65,61,2.06,1601456400
36,NU,Alofi,-19.0595,-169.9187,78.01,89,44,19.26,1601456400
37,GL,Upernavik,72.7868,-56.1549,23.76,92,87,12.1,1601456400
38,AF,Oruzgan,32.8333,66.0,67.01,24,27,9.4,1601456400
39,AU,New Norfolk,-42.7826,147.0587,55.76,66,98,5.21,1601456400
40,NZ,Mataura,-46.1927,168.8643,45.46,93,96,3.56,1601456400
41,RU,Nyurba,63.2842,118.3319,35.42,77,98,2.3,1601456400
42,KI,Butaritari,3.0707,172.7902,82.47,75,23,12.15,1601456400
43,ZA,Kruisfontein,-34.0033,24.7314,67.32,48,0,1.36,1601456400
44,US,Albany,42.6001,-73.9662,56.75,90,100,11.59,1601456400
45,US,Jamestown,42.097,-79.2353,48.6,93,94,5.75,1601456400
46,LK,Hambantota,6.1241,81.1185,83.39,78,86,24.61,1601456400
47,TG,Aného,6.2333,1.6,81.16,81,68,11.56,1601456400
48,US,Nome,64.5011,-165.4064,38.61,81,86,5.95,1601456400
49,GH,Esim,4.8699,-2.2405,78.69,88,97,10.36,1601456400
50,ZA,Hermanus,-34.4187,19.2345,56.19,64,66,8.37,1601456400
51,CA,Port Hawkesbury,45.6169,-61.3485,66.04,94,90,9.46,1601456400
52,RO,Costineşti,43.95,28.6333,67.24,48,24,13.06,1601456400
53,YT,Chirongui,-12.9319,45.1483,81.79,74,25,8.84,1601456400
54,CA,Yellowknife,62.456,-114.3525,37.9,88,48,5.26,1601456400
55,BR,Castro,-24.7911,-50.0119,61.0,90,28,3.56,1601456400
56,BR,Brusque,-27.0981,-48.9175,64.24,93,84,1.61,1601456400
57,PH,Bogo,11.0517,124.0055,85.42,70,96,3.71,1601456400
58,PF,Atuona,-9.8,-139.0333,78.69,74,2,23.15,1601456400
59,DK,Hvide Sande,56.0045,8.1294,58.89,92,87,13.91,1601456400
60,MR,Adrar,20.5022,-10.0711,90.1,26,2,15.26,1601456400
61,AR,Santa Fe,-31.6333,-60.7,60.49,87,0,8.46,1601456400
62,AR,Ushuaia,-54.8,-68.3,28.71,93,82,5.79,1601456400
63,SN,Dakar,14.6937,-17.4441,82.09,84,63,12.68,1601456400
64,MV,Mahibadhoo,3.7833,72.9667,82.98,72,98,9.1,1601456400
65,DE,Reinbek,53.5167,10.25,60.91,81,79,3.98,1601456400
66,US,‘Āhuimanu,21.4447,-157.8378,77.02,67,20,5.21,1601456400
67,GA,Port-Gentil,-0.7193,8.7815,79.16,75,87,7.07,1601456400
68,PF,Rikitea,-23.1203,-134.9692,70.09,80,55,23.06,1601456400
69,RO,Chiajna,44.46,25.9733,64.11,50,62,8.63,1601456400
70,SO,Eyl,7.9803,49.8164,81.99,63,100,18.86,1601456400
71,NO,Vigrestad,58.5667,5.7,56.8,93,80,17.87,1601456400
72,TZ,Dunda,-8.1167,34.25,93.29,34,18,4.36,1601456400
73,US,Pacific Grove,36.6177,-121.9166,58.96,88,46,6.17,1601456400
74,GL,Qaqortoq,60.7167,-46.0333,28.27,64,18,4.68,1601456400
75,US,Meadow Lake,34.8014,-106.5436,56.08,32,1,5.7,1601456400
76,NC,Pouébo,-20.4,164.5667,69.93,72,57,15.26,1601456400
77,US,Washington,47.5001,-120.5015,56.8,68,0,3.11,1601456400
78,US,Rapid Valley,44.0625,-103.1463,57.9,50,37,11.9,1601456400
79,AR,Tres Arroyos,-38.3739,-60.2798,52.9,93,6,8.21,1601456400
80,BR,Caravelas,-17.7125,-39.2481,73.08,89,24,4.29,1601456400
81,AO,Mossamedes,-15.1961,12.1522,69.93,78,84,6.53,1601456400
82,RU,Zhigansk,66.7697,123.3711,33.71,89,91,7.74,1601456400
83,RU,Khabary,53.6259,79.5345,47.84,53,2,7.96,1601456400
84,AR,Mar del Plata,-38.0023,-57.5575,53.65,87,15,11.63,1601456400
85,RU,Chokurdakh,70.6333,147.9167,42.24,90,95,12.28,1601456400
86,NZ,Hanmer Springs,-42.5167,172.8167,40.96,76,42,4.45,1601456400
87,LY,Benghazi,32.1167,20.0667,79.56,60,0,10.36,1601456400
88,RU,Charyshskoye,51.3978,83.5598,40.23,74,99,4.21,1601456400
89,BR,Barra da Estiva,-13.6261,-41.3269,60.3,96,37,5.14,1601456400
90,ZA,Bredasdorp,-34.5322,20.0403,60.57,52,42,8.37,1601456400
91,CA,Maple Creek,49.9168,-109.4848,49.1,51,50,12.39,1601456400
92,MX,Acapulco de Juárez,16.8634,-99.8901,79.45,78,68,4.07,1601456400
93,SA,Najrān,17.4924,44.1277,91.67,13,19,11.65,1601456400
94,CA,Kitimat,54.0524,-128.6534,51.44,84,13,5.86,1601456400
95,RU,Evensk,61.95,159.2333,42.71,93,100,6.22,1601456400
96,RU,Ostrovnoy,68.0531,39.5131,52.03,76,4,15.95,1601456400
97,IR,Mehrān,33.1222,46.1646,98.29,24,0,20.36,1601456400
98,BR,Acaraú,-2.8856,-40.12,79.03,72,69,18.28,1601456400
99,CA,Prince George,53.9166,-122.753,44.28,96,21,2.55,1601456400
100,UA,Mala Tokmachka,47.5356,35.8929,60.75,83,69,20.85,1601456400
101,CM,Wum,6.3833,10.0667,73.29,88,99,2.1,1601456400
102,CA,Mackenzie,55.2999,-123.1698,42.58,89,7,1.7,1601456400
103,IN,Port Blair,11.6667,92.75,84.97,74,12,17.85,1601456400
104,ES,Cervo,43.6702,-7.4101,62.33,36,47,8.72,1601456400
105,KZ,Balkhash,46.844,74.9804,55.71,27,0,18.45,1601456400
106,SJ,Longyearbyen,78.2186,15.6401,37.71,87,87,11.45,1601456400
107,AU,Maningrida,-12.0667,134.2667,82.83,66,17,11.45,1601456400
108,GR,Methóni,36.8197,21.7049,73.35,53,13,18.59,1601456400
109,AR,Venado Tuerto,-33.7456,-61.9688,57.76,83,0,6.62,1601456400
110,CN,Xining,36.6167,101.7667,57.69,62,73,9.93,1601456400
111,CO,El Tarra,8.5756,-73.0949,73.72,82,100,3.47,1601456400
112,PF,Tautira,-17.7333,-149.15,78.67,77,20,22.19,1601456400
113,CA,Iqaluit,63.7506,-68.5145,28.6,80,95,13.73,1601456400
114,PG,Daru,-9.0763,143.2092,77.97,78,99,15.21,1601456400
115,MX,Rosarito,32.3333,-117.0333,78.19,56,3,5.32,1601456400
116,BR,Campanha,-21.8361,-45.4006,66.0,83,57,2.86,1601456400
117,CD,Butembo,0.15,29.2833,71.4,80,94,3.24,1601456400
118,MX,Tomatlán,19.9333,-105.25,76.26,87,86,3.71,1601456400
119,TM,Akdepe,42.0551,59.3788,70.12,21,17,7.94,1601456400
120,ES,La Rioja,42.25,-2.5,66.27,53,0,1.01,1601456400
121,RU,Naryan-Mar,67.6713,53.087,51.01,78,30,11.65,1601456400
122,RU,Pudozh,61.8099,36.5345,56.48,83,90,2.37,1601456400
123,BR,Itiruçu,-13.5317,-40.1503,64.81,86,84,6.29,1601456400
124,JP,Kamiiso,41.8167,140.65,61.93,77,55,7.4,1601456400
125,AU,Port Augusta,-32.5,137.7667,65.07,57,71,6.82,1601456400
126,VN,Nha Trang,12.25,109.1833,89.24,67,52,6.08,1601456400
127,MX,Tulum,20.2167,-87.4667,73.96,94,23,4.07,1601456400
128,RU,Tiksi,71.6872,128.8694,33.67,93,100,14.72,1601456400
129,RU,Yar-Sale,66.8333,70.8333,45.09,79,100,3.89,1601456400
130,IN,Dhārchula,29.85,80.5333,81.63,38,0,6.33,1601456400
131,PL,Hrubieszów,50.805,23.8925,54.28,94,100,14.43,1601456400
132,NO,Mehamn,71.0357,27.8492,52.32,83,43,5.1,1601456400
133,MX,Progreso,21.2833,-89.6667,78.89,90,99,10.38,1601456400
134,GF,Cayenne,4.9333,-52.3333,77.95,93,47,6.26,1601456400
135,NO,Sørland,67.667,12.6934,52.07,92,95,12.71,1601456400
136,SE,Kiruna,67.8557,20.2251,46.27,94,66,12.3,1601456400
137,US,Makakilo City,21.3469,-158.0858,76.21,70,20,3.38,1601456400
138,CA,Burgeo,47.6167,-57.6152,60.87,95,76,7.85,1601456400
139,US,Barrow,71.2906,-156.7887,30.97,99,89,10.4,1601456400
140,NZ,Kaitangata,-46.2817,169.8464,46.53,82,96,8.84,1601456400
141,CA,Tuktoyaktuk,69.4541,-133.0374,35.15,89,66,1.97,1601456400
142,PT,Camacha,33.0833,-16.3333,69.67,72,61,14.34,1601456400
143,CA,Thompson,55.7435,-97.8558,43.27,97,82,7.05,1601456400
144,US,Myrtle Beach,33.6891,-78.8867,61.21,89,92,9.51,1601456400
145,US,Saint George,37.1041,-113.5841,66.78,19,1,3.13,1601456400
146,VN,Thanh Hoa,19.8,105.7667,86.2,77,86,8.12,1601456400
147,PL,Olsztyn,53.7799,20.4942,58.35,73,99,9.89,1601456400
148,MZ,Beira,-19.8436,34.8389,80.96,62,28,10.11,1601456400
149,RU,Zyryanka,65.75,150.85,48.87,59,99,8.37,1601456400
150,ID,Banda Aceh,5.5577,95.3222,85.01,68,82,7.47,1601456400
151,ID,Manado,1.487,124.8455,85.24,71,54,0.63,1601456400
152,US,Palmer,42.1584,-72.3287,70.09,94,95,16.55,1601456400
153,JP,Hirara,24.8,125.2833,79.32,71,62,26.49,1601456400
154,BR,Capinópolis,-18.6819,-49.5697,78.08,23,38,6.4,1601456400
155,DM,Pointe Michel,15.25,-61.3833,82.71,78,39,15.55,1601456400
156,ID,Manokwari,-0.8667,134.0833,82.2,78,57,7.56,1601456400
157,GN,Dinguiraye,11.3,-10.7167,77.22,85,21,2.37,1601456400
158,ML,Ténenkou,14.4572,-4.9169,92.8,37,22,7.27,1601456400
159,JP,Naze,28.3667,129.4833,70.84,92,86,9.6,1601456400
160,CN,Shaping,22.7545,112.9565,84.99,78,68,0.22,1601456400
161,MV,Hithadhoo,-0.6,73.0833,83.55,66,100,5.23,1601456400
162,BR,Santa Vitória do Palmar,-33.5189,-53.3681,52.14,96,2,1.41,1601456400
163,CV,Vila do Maio,15.1333,-23.2167,79.57,80,58,13.35,1601456400
164,UZ,Romitan,39.9343,64.3814,72.27,19,0,11.48,1601456400
165,JP,Nemuro,43.3236,145.575,56.84,83,99,8.46,1601456400
166,ID,Soe,-9.8607,124.284,82.15,42,90,8.01,1601456400
167,ES,Adeje,28.1227,-16.726,70.7,63,38,5.53,1601456400
168,RU,Vostok,46.4856,135.8833,47.23,76,79,1.25,1601456400
169,AU,Alice Springs,-23.7,133.8833,79.3,26,2,15.19,1601456400
170,RU,Belaya Gora,68.5333,146.4167,45.14,60,74,12.08,1601456400
171,AU,Esperance,-33.8667,121.9,64.78,70,9,6.4,1601456400
172,ML,Tessalit,20.1986,1.0114,100.4,11,0,10.8,1601456400
173,ID,Poso,-1.3959,120.7524,84.56,66,92,0.63,1601456400
174,IN,Tekkali,18.6167,84.2333,79.03,87,100,1.95,1601456400
175,CN,Zhaotong,27.3167,103.7167,65.88,77,95,5.68,1601456400
176,RU,Khatanga,71.9667,102.5,29.95,95,96,11.14,1601456400
177,AU,Byron Bay,-28.65,153.6167,64.38,65,69,10.78,1601456400
178,EC,Puerto Ayora,-0.7393,-90.3518,66.9,88,91,11.18,1601456400
179,ET,Jijiga,9.35,42.8,73.24,67,95,12.8,1601456400
180,US,Excelsior Springs,39.3392,-94.2261,55.45,69,1,7.23,1601456400
181,VN,Phan Thiet,10.9333,108.1,89.2,66,99,11.52,1601456400
182,AU,Karratha,-20.7377,116.8463,89.37,20,34,12.86,1601456400
183,CA,Norman Wells,65.282,-126.8329,38.53,84,37,4.7,1601456400
184,CN,Huicheng,23.0385,116.2899,76.23,87,85,18.61,1601456400
185,CA,Baie-Comeau,49.2168,-68.1489,56.21,94,95,5.06,1601456400
186,GB,Newport,51.5877,-2.9984,55.13,93,92,20.31,1601456400
187,US,Rantoul,40.3084,-88.1559,49.78,84,38,11.41,1601456400
188,JP,Shingū,33.7333,135.9833,71.74,70,87,1.99,1601456400
189,EG,Ţahţā,26.7693,31.5021,104.22,18,0,4.32,1601456400
190,CU,Remedios,22.4947,-79.5458,75.88,90,12,3.24,1601456400
191,US,Kahului,20.8947,-156.47,77.72,73,25,7.94,1601456400
192,CF,Batangafo,7.3008,18.2833,79.65,89,99,4.05,1601456400
193,PA,Chiriquí Grande,8.95,-82.1167,76.3,83,93,3.31,1601456400
194,US,College,64.8569,-147.8028,45.3,78,65,8.72,1601456400
195,FR,Arrondissement de Blois,47.5833,1.3333,62.04,83,89,7.23,1601456400
196,US,Virginia Beach,36.8529,-75.978,64.83,89,95,15.79,1601456400
197,RU,Tegul'det,57.3064,88.1667,41.02,66,97,6.85,1601456400
198,AU,Dalby,-27.1833,151.2667,62.06,65,64,6.2,1601456400
199,TH,Chiang Klang,19.2938,100.8617,89.58,69,57,2.62,1601456400
200,AU,Yulara,-25.2406,130.9889,84.22,17,0,10.78,1601456400
201,AU,Port Lincoln,-34.7333,135.8667,58.73,73,61,12.59,1601456400
202,RU,Beringovskiy,63.05,179.3167,40.73,76,7,4.36,1601456400
203,AU,Codrington,-38.2667,141.9667,54.68,83,100,14.63,1601456400
204,TO,Vaini,-21.2,-175.2,76.91,90,87,15.7,1601456400
205,ES,Muros,42.7762,-9.0603,61.65,83,21,4.83,1601456400
206,PG,Lorengau,-2.0226,147.2712,83.44,76,42,7.76,1601456400
207,CA,Aklavik,68.2191,-135.0107,36.03,85,28,2.33,1601456400
208,BR,Humaitá,-7.5061,-63.0208,71.91,94,100,2.19,1601456400
209,GL,Tasiilaq,65.6145,-37.6368,26.19,84,84,8.1,1601456400
210,RU,Yaroslavl,57.6299,39.8737,61.7,55,90,9.78,1601456400
211,LY,Masallātah,32.6167,14.0,77.32,64,0,10.47,1601456400
212,IR,Mīāndoāb,36.9694,46.1027,72.61,28,0,3.04,1601456400
213,HK,Hong Kong,22.2855,114.1577,82.83,82,40,13.22,1601456400
214,JM,Mandeville,18.0417,-77.5071,74.14,92,65,2.8,1601456400
215,PH,Caruray,10.3094,119.0128,85.6,73,57,4.23,1601456400
216,RU,Provideniya,64.3833,-173.3,34.65,88,1,2.33,1601456400
217,RU,Ozernovskiy,51.5,156.5167,49.8,84,58,4.03,1601456400
218,ID,Bengkulu,-3.8004,102.2655,86.85,63,29,15.32,1601456400
219,CA,Haines Junction,60.7522,-137.5108,39.88,82,100,1.03,1601456400
220,RU,Otradnoye,59.7775,30.8181,59.61,78,73,4.0,1601456400
221,MY,George Town,5.4112,100.3354,85.5,68,58,5.75,1601456400
222,YT,Dzaoudzi,-12.7887,45.2699,81.66,74,16,11.41,1601456400
223,RU,Okha,53.5739,142.9478,50.65,83,76,8.99,1601456400
224,ZA,Saldanha,-33.0117,17.9442,58.17,63,24,17.76,1601456400
225,CA,Port Hardy,50.6996,-127.4199,60.8,88,3,8.48,1601456400
226,AO,Kuito,-12.3833,16.9333,84.2,53,81,3.76,1601456400
227,BR,Touros,-5.1989,-35.4608,76.8,84,30,13.42,1601456400
228,BR,Arraial do Cabo,-22.9661,-42.0278,72.88,90,55,10.25,1601456400
229,IQ,Sinjār,36.3209,41.8754,89.78,14,0,6.62,1601456400
230,PT,Lagoa,39.05,-27.9833,67.5,79,22,12.66,1601456400
231,MX,La Reforma,18.1,-91.0167,72.81,98,88,6.51,1601456400
232,AU,Port Macquarie,-31.4333,152.9167,63.27,67,100,8.41,1601456400
233,RU,Kedrovyy,56.1667,91.8167,38.88,63,60,5.06,1601456400
234,ET,Debre Tabor,11.85,38.0167,66.78,62,61,11.3,1601456400
235,US,Hilo,19.7297,-155.09,77.67,75,11,3.42,1601456400
236,US,El Dorado,33.2076,-92.6663,54.73,85,1,4.41,1601456400
237,TZ,Madimba,-10.4,40.3333,84.45,56,76,8.63,1601456400
238,RO,Alba Iulia,46.0667,23.5833,54.99,69,69,15.61,1601456400
239,PT,Ponta do Sol,32.6667,-17.1,69.85,69,38,5.88,1601456400
240,BY,Forsytheganj,52.6333,29.7333,61.2,64,98,16.91,1601456400
241,CA,Sioux Lookout,50.1001,-91.917,42.01,98,75,6.6,1601456400
242,US,Festus,38.2206,-90.396,58.39,72,19,12.12,1601456400
243,TR,Heraclea,37.5133,34.0467,73.85,44,0,7.52,1601456400
244,RU,Severo-Kuril'sk,50.6789,156.125,51.89,78,88,4.45,1601456400
245,IL,Kiryat Gat,31.61,34.7642,92.77,53,0,9.19,1601456400
246,US,Lompoc,34.6391,-120.4579,64.24,85,46,8.9,1601456400
247,GL,Narsaq,60.9167,-46.05,26.69,63,24,4.74,1601456400
248,CL,Lebu,-37.6167,-73.65,45.27,80,96,11.1,1601456400
249,BB,Bathsheba,13.2167,-59.5167,82.92,80,68,20.67,1601456400
250,CA,Pangnirtung,66.1451,-65.7125,25.45,86,0,7.74,1601456400
251,RU,Koslan,63.4564,48.8989,58.87,68,86,6.67,1601456400
252,US,Kenai,60.5544,-151.2583,48.43,74,95,26.33,1601456400
253,RU,Pevek,69.7008,170.3133,38.35,78,95,14.29,1601456400
254,CA,Prince Rupert,54.3161,-130.3201,54.95,88,1,10.38,1601456400
255,RU,Imeni Poliny Osipenko,52.4201,136.4853,50.79,67,32,0.89,1601456400
256,GF,Mana,5.6592,-53.7767,77.2,89,99,5.77,1601456400
257,PG,Kavieng,-2.5744,150.7967,83.48,72,78,4.92,1601456400
258,GL,Paamiut,61.994,-49.6678,30.92,75,58,6.6,1601456400
259,CL,Ancud,-41.8697,-73.8203,41.09,77,52,6.46,1601456400
260,RU,Saskylakh,71.9167,114.0833,29.73,92,51,1.86,1601456400
261,CL,Ovalle,-30.5983,-71.2003,45.88,79,0,0.54,1601456400
262,RU,Vargashi,55.3556,65.8467,56.71,51,1,2.93,1601456400
263,MX,Jerécuaro,20.15,-100.5167,48.99,80,32,5.19,1601456400
264,UA,Uyutnoye,45.1994,33.3014,69.22,67,88,7.65,1601456400
265,RU,Cherskiy,68.75,161.3,42.37,67,73,9.78,1601456400
266,RU,Peno,56.9262,32.7426,59.85,58,48,8.57,1601456400
267,ID,Labuhan,-6.8844,112.2051,87.94,58,53,12.59,1601456400
268,BR,Maceió,-9.6658,-35.7353,76.42,83,25,10.0,1601456400
269,PT,Praia da Vitória,38.7333,-27.0667,65.77,82,20,10.87,1601456400
270,RU,Tarko-Sale,64.9225,77.785,45.1,71,96,12.12,1601456400
271,NA,Henties Bay,-22.116,14.2845,58.59,80,2,7.47,1601456400
272,GB,Margate,51.3813,1.3862,59.88,87,92,15.14,1601456400
273,PW,Kloulklubed,7.0419,134.2556,84.87,78,94,10.02,1601456400
274,CN,Guangzhou,23.1167,113.25,86.18,70,87,9.71,1601456400
275,LR,Buchanan,5.8808,-10.0467,78.19,85,53,2.55,1601456400
276,CK,Avarua,-21.2078,-159.775,75.97,86,23,22.59,1601456400
277,PT,Machico,32.7,-16.7667,69.67,72,47,13.2,1601456400
278,IE,Killybegs,54.6333,-8.45,53.06,94,81,17.2,1601456400
279,VU,Luganville,-15.5333,167.1667,77.94,78,44,12.33,1601456400
280,AR,Mercedes,-34.6515,-59.4307,54.82,91,0,5.01,1601456400
281,BR,Porto Walter,-8.2686,-72.7439,70.3,97,81,1.59,1601456400
282,BR,Livramento,-3.0254,-60.1803,78.12,89,100,1.41,1601456400
283,RU,Kyra,49.5776,111.9753,44.4,81,100,1.81,1601456400
284,CN,Shache,38.4167,77.2406,78.19,17,7,9.98,1601456400
285,SA,Faya,18.3851,42.4509,77.5,19,1,1.7,1601456400
286,CA,Gull Lake,50.1001,-108.4847,45.64,62,14,13.91,1601456400
287,GL,Nuuk,64.1835,-51.7216,28.36,72,6,12.48,1601456400
288,RU,Yerofey Pavlovich,53.9667,121.9667,48.6,58,100,2.48,1601456400
289,PF,Faanui,-16.4833,-151.75,78.6,79,11,22.93,1601456400
290,RU,Yegorlykskaya,46.5656,40.6562,73.54,32,98,29.53,1601456400
291,RU,Strezhevoy,60.7333,77.5889,46.24,87,95,10.65,1601456400
292,IR,Gerāsh,27.6652,54.1371,91.13,19,0,12.88,1601456400
293,US,Clive,41.603,-93.7241,59.88,51,64,10.58,1601456400
294,GL,Sisimiut,66.9395,-53.6735,27.79,93,25,11.83,1601456400
295,RU,Teya,60.3778,92.6267,35.26,85,99,9.55,1601456400
296,FR,Arrondissement de Verdun,49.25,5.3333,56.12,93,88,4.29,1601456400
297,UA,Ruska Poliana,49.417,31.9201,58.23,87,100,19.53,1601456400
298,EG,Rosetta,31.4044,30.4164,85.23,63,0,8.79,1601456400
299,JP,Hasaki,35.7333,140.8333,70.12,78,19,13.8,1601456400
300,RU,Lensk,60.7253,114.9278,38.32,71,100,3.49,1601456400
301,JP,Otaru,43.1894,141.0022,64.83,79,73,4.5,1601456400
302,US,Homer,59.6425,-151.5483,45.12,77,100,23.6,1601456400
303,IR,Shahreza,32.0339,51.8794,70.88,26,0,7.02,1601456400
304,AU,Carnarvon,-24.8667,113.6333,75.22,59,0,19.89,1601456400
305,US,North Bend,43.4065,-124.2243,59.07,83,46,1.45,1601456400
306,ID,Tual,-5.6667,132.75,81.91,80,89,13.98,1601456400
307,AU,Port Hedland,-20.3167,118.5667,88.07,35,31,15.23,1601456400
308,RU,Mogzon,51.7435,111.9606,48.43,55,92,3.49,1601456400
309,CV,São Filipe,14.8961,-24.4956,79.21,76,14,9.71,1601456400
310,SB,Kirakira,-10.4544,161.9205,80.64,77,34,10.27,1601456400
311,GL,Nanortalik,60.1432,-45.2371,33.33,80,50,7.07,1601456400
312,AU,Howard Springs,-12.497,131.047,87.39,49,56,8.28,1601456400
313,MV,Thinadhoo,0.5333,72.9333,83.25,72,100,5.75,1601456400
314,AU,Mount Isa,-20.7333,139.5,92.62,13,43,7.9,1601456400
315,US,Ketchikan,55.3422,-131.6461,49.73,88,1,6.44,1601456400
316,CL,Constitución,-35.3333,-72.4167,49.53,83,100,6.93,1601456400
317,CA,La Ronge,55.1001,-105.2842,44.04,76,95,18.7,1601456400
318,ZA,De Aar,-30.6497,24.0123,65.97,16,0,17.38,1601456400
319,AU,Burnie,-41.0667,145.9167,53.04,90,100,10.04,1601456400
320,LY,Jalu,29.0331,21.5482,89.38,52,0,7.36,1601456400
321,MX,Matamoros,25.5333,-103.25,61.11,49,11,2.24,1601456400
322,IS,Grindavik,63.8424,-22.4338,40.93,78,75,13.51,1601456400
323,RU,Kondinskoye,59.6481,67.41,57.24,75,71,7.99,1601456400
324,TM,Bereket,39.2446,55.5154,72.84,22,0,14.92,1601456400
325,SB,Gizo Government Station,-8.103,156.8419,82.53,76,43,8.5,1601456400
326,GH,Takoradze,4.8845,-1.7554,78.22,89,84,9.8,1601456400
327,PH,Tabuk,17.4189,121.4443,83.93,75,87,7.96,1601456400
328,EE,Palivere,58.9664,23.8911,58.98,91,74,4.03,1601456400
329,CN,Qingdao,36.0986,120.3719,72.21,38,0,8.14,1601456400
330,JP,Itoman,26.1247,127.6694,77.61,84,41,24.02,1601456400
331,US,Broome,42.2506,-75.833,53.33,94,95,3.6,1601456400
332,US,Winnemucca,40.973,-117.7357,61.66,31,1,0.38,1601456400
333,IN,Bikaner,28.0167,73.3,99.09,20,0,5.86,1601456400
334,MA,Marrakesh,31.6315,-8.0083,75.47,60,44,4.38,1601456400
335,IT,Laas,46.6166,10.7002,56.07,75,52,2.26,1601456400
336,RU,Usinsk,65.9939,57.5281,53.35,79,59,12.1,1601456400
337,CN,Tianpeng,30.9866,103.9393,72.03,42,100,5.88,1601456400
338,US,Sitka,57.0531,-135.33,52.5,77,19,10.69,1601456400
339,ZA,Port Elizabeth,-33.918,25.5701,67.28,51,0,5.82,1601456400
340,IS,Husavik,66.0449,-17.3389,46.24,85,69,5.99,1601456400
341,NC,Vao,-22.6667,167.4833,66.65,68,1,23.89,1601456400
342,TZ,Ifakara,-8.1333,36.6833,93.0,41,61,6.22,1601456400
343,CV,Praia,14.9215,-23.5087,79.59,78,38,12.44,1601456400
344,BR,Iaciara,-14.0958,-46.6317,73.85,34,25,2.77,1601456400
345,VE,San Cristobal,7.7669,-72.225,64.85,80,99,2.77,1601456400
346,RU,Krasnyye Baki,57.131,45.1599,60.37,61,100,7.0,1601456400
347,CN,Kumul,42.8,93.45,63.01,26,0,4.7,1601456400
348,GB,Penzance,50.1186,-5.5371,58.57,92,87,34.9,1601456400
349,BR,Posse,-14.0931,-46.3694,72.43,38,10,9.15,1601456400
350,AU,Batemans Bay,-35.7167,150.1833,56.66,91,94,7.0,1601456400
351,GB,Inverness,57.4791,-4.224,53.62,73,100,7.23,1601456400
352,IT,Crotone,39.0851,17.1178,70.86,61,15,4.14,1601456400
353,TC,Cockburn Town,21.4612,-71.1419,84.2,77,89,17.34,1601456400
354,ES,Felanitx,39.4696,3.1483,70.79,66,55,3.6,1601456400
355,RU,Izhma,65.0083,53.9113,56.57,72,1,6.6,1601456400
356,NG,Yenagoa,4.9247,6.2642,81.23,87,97,6.02,1601456400
357,BR,Altamira,-3.2033,-52.2064,71.37,95,33,3.29,1601456400
358,TR,Gebze,40.8028,29.4307,67.71,62,53,6.2,1601456400
359,US,Bethel,41.3712,-73.414,69.82,95,95,11.74,1601456400
360,US,Hamilton,39.1834,-84.5333,50.0,85,1,7.94,1601456400
361,PH,Pandan,14.0453,124.1694,85.91,66,79,2.8,1601456400
362,RU,Leshukonskoye,64.8989,45.7622,55.72,76,29,6.69,1601456400
363,US,Blythe,33.6103,-114.5964,75.97,18,1,2.86,1601456400
364,US,Fairbanks,64.8378,-147.7164,45.41,70,46,8.97,1601456400
365,MN,Khovd,48.0056,91.6419,45.41,52,44,7.2,1601456400
366,MG,Andilamena,-17.0167,48.5833,83.44,45,36,6.67,1601456400
367,CO,Manaure,11.7751,-72.4445,79.59,81,98,4.52,1601456400
368,PE,Pisco,-13.7,-76.2167,59.36,89,40,1.36,1601456400
369,MU,Quatre Cocos,-20.2078,57.7625,75.04,72,52,12.71,1601456400
370,BR,Manicoré,-5.8092,-61.3003,72.91,98,100,1.57,1601456400
371,ES,San Bartolomé de Tirajana,27.9248,-15.5733,67.62,74,27,9.33,1601456400
372,LK,Galle,6.0367,80.217,81.61,77,100,14.34,1601456400
373,US,Fortuna,40.5982,-124.1573,60.48,86,46,1.52,1601456400
374,ZA,Zeerust,-25.5369,26.0751,71.38,53,50,17.18,1601456400
375,SN,Oussouye,12.485,-16.5469,82.6,92,99,7.63,1601456400
376,BR,Simplício Mendes,-7.8539,-41.9103,74.48,60,0,10.65,1601456400
377,CA,Moose Factory,51.2585,-80.6094,46.72,98,95,3.2,1601456400
378,AU,Broken Hill,-31.95,141.4333,68.05,39,62,16.28,1601456400
379,CN,Aksu,41.1231,80.2644,69.89,20,65,11.27,1601456400
380,MX,Coahuayana Viejo,18.7333,-103.6833,77.09,84,86,3.85,1601456400
381,IN,Porbandar,21.6422,69.6093,87.31,62,25,12.41,1601456400
382,BR,Tabuleiro do Norte,-5.2467,-38.1306,68.4,83,0,4.0,1601456400
383,MX,Bucerías,20.75,-105.3333,78.44,84,60,3.36,1601456400
384,RU,Sobolevo,54.4299,31.8996,59.09,66,65,14.12,1601456400
385,KE,Mandera,3.9366,41.867,92.1,45,45,12.01,1601456400
386,MG,Mananjary,-21.2167,48.3333,80.92,62,1,11.05,1601456400
387,US,Fulton,33.7668,-84.4499,57.61,76,1,6.26,1601456400
388,AR,Rawson,-43.3002,-65.1023,44.15,86,99,23.8,1601456400
389,RU,Srednekolymsk,67.45,153.6833,46.96,80,99,6.64,1601456400
390,HN,Dulce Nombre de Culmí,15.1,-85.5333,69.06,92,13,1.16,1601456400
391,ZA,East London,-33.0153,27.9116,67.93,50,0,17.0,1601456400
392,JP,Nishihara,26.1842,127.7558,76.42,86,40,20.71,1601456400
393,MK,Gradsko,41.5775,21.9428,66.24,59,60,4.43,1601456400
394,AO,Soyo,-6.1349,12.3689,76.66,76,59,4.5,1601456400
395,US,Ellensburg,46.9965,-120.5479,60.04,60,1,4.05,1601456400
396,CA,Port-Cartier,50.0334,-66.8654,56.25,91,95,2.73,1601456400
397,PL,Włoszczowa,50.8526,19.9659,52.61,95,100,11.83,1601456400
398,JP,Kobayashi,31.9833,130.9833,67.77,86,76,1.03,1601456400
399,CL,Copiapó,-27.3667,-70.3333,49.41,78,0,0.78,1601456400
400,AU,Flinders,-34.5833,150.8552,61.3,77,92,9.57,1601456400
401,MW,Blantyre,-15.785,35.0085,86.22,39,16,3.98,1601456400
402,CA,Hanna,51.6334,-111.9018,43.48,61,7,11.01,1601456400
403,IS,Olafsvik,64.8945,-23.7142,39.58,81,63,9.1,1601456400
404,IT,Soverato Marina,38.685,16.5499,74.46,54,1,4.61,1601456400
405,MX,Puerto Escondido,15.85,-97.0667,78.17,78,92,6.04,1601456400
406,CN,Yanji,42.9075,129.5078,59.72,49,23,2.39,1601456400
407,RU,Lukoyanov,55.0277,44.4786,61.0,59,100,9.1,1601456400
408,CA,Clyde River,70.4692,-68.5914,27.07,97,88,7.63,1601456400
409,CN,Weinan,34.5036,109.5089,80.17,66,69,4.43,1601456400
410,US,Charlotte,35.2271,-80.8431,54.09,77,37,6.85,1601456400
411,US,Sterling,39.0062,-77.4286,55.62,93,95,7.4,1601456400
412,AR,Bahía Blanca,-38.7196,-62.2724,55.4,39,30,7.74,1601456400
413,GB,Harwich,51.9419,1.2844,59.49,80,90,15.57,1601456400
414,CN,Yuncheng,35.0231,110.9928,73.78,55,85,15.61,1601456400
415,US,Billings Metropolitan Area,45.7833,-108.5007,53.46,60,20,2.26,1601456400
416,GL,Maniitsoq,65.4167,-52.9,26.92,86,10,12.19,1601456400
417,MX,Xicoténcatl,23.0167,-98.8833,61.47,63,40,0.58,1601456400
418,CN,Helong,42.5397,128.9972,53.11,63,47,1.03,1601456400
419,US,Scottsbluff,41.8666,-103.6672,53.55,44,1,7.23,1601456400
420,SO,Mogadishu,2.0371,45.3438,83.03,66,40,15.84,1601456400
421,CL,Calbuco,-41.768,-73.1273,42.66,83,30,11.23,1601456400
422,BW,Tsabong,-26.0217,22.401,76.6,19,0,11.48,1601456400
423,NO,Vardø,70.3705,31.1107,50.61,87,71,12.17,1601456400
424,BR,Amapá,1.0,-52.0,70.79,98,51,0.63,1601456400
425,NO,Honningsvåg,70.9821,25.9704,49.03,89,43,11.9,1601456400
426,RU,Pyshma,56.9523,63.2513,59.67,72,15,4.52,1601456400
427,RU,Kletnya,53.3897,33.2171,61.11,39,57,15.57,1601456400
428,RU,Udachny,66.4167,112.4,30.63,70,57,7.47,1601456400
429,PG,Samarai,-10.6167,150.6667,78.82,84,72,16.06,1601456400
430,ML,Kidal,18.4411,1.4078,99.52,11,28,11.32,1601456400
431,MU,Grand Gaube,-20.0064,57.6608,74.88,74,47,15.28,1601456400
432,RU,Tyukhtet,56.5389,89.3011,39.7,69,87,5.75,1601456400
433,IN,Joshīmath,30.5667,79.5667,74.53,23,0,8.08,1601456400
434,BR,Santa Isabel,-23.3156,-46.2214,65.52,93,89,3.74,1601456400
435,GL,Ilulissat,69.2167,-51.1,22.48,82,96,5.17,1601456400
436,US,Laguna,38.421,-121.4238,66.02,65,1,3.18,1601456400
437,VN,Vung Tau,10.346,107.0843,87.35,70,96,11.05,1601456400
438,CN,Qinzhou,21.95,108.6167,88.63,67,53,1.99,1601456400
439,CN,Yumen,40.2833,97.2,64.22,28,3,14.18,1601456400
440,CL,Antofagasta,-23.65,-70.4,56.32,81,79,4.5,1601456400
441,CR,Parrita,9.5201,-84.3225,77.2,92,100,2.66,1601456400
442,PF,Tevaitoa,-16.7833,-151.5,79.32,77,3,23.31,1601456400
443,ID,Teluknaga,-6.0989,106.6381,89.56,60,57,14.7,1601456400
444,CO,Saldaña,3.9292,-75.0152,74.41,71,52,2.59,1601456400
445,BR,Natal,-5.795,-35.2094,75.92,83,14,11.21,1601456400
446,DZ,Sidi Ali,36.0998,0.4206,71.17,85,54,2.68,1601456400
447,RU,Urengoy,65.9667,78.3667,44.31,73,92,10.98,1601456400
448,JP,Izumo,35.3667,132.7667,69.26,82,65,9.86,1601456400
449,SL,Mattru,7.6244,-11.8332,79.14,92,86,0.6,1601456400
450,AU,Biloela,-24.4167,150.5,68.38,58,37,10.33,1601456400
451,GF,Sinnamary,5.3833,-52.95,77.68,88,92,6.38,1601456400
452,GH,Mumford,5.2618,-0.759,77.76,89,97,11.32,1601456400
453,TL,Airai,-8.9266,125.4092,73.27,59,58,3.87,1601456400
454,NO,Beian,63.6559,9.5683,55.02,86,50,7.92,1601456400
455,UZ,Urgut,39.4022,67.2431,62.46,38,36,6.8,1601456400
456,CO,Miranda,3.2499,-76.2281,65.08,82,65,3.24,1601456400
457,RU,Ust-Kuyga,70.0167,135.6,35.91,87,89,6.8,1601456400
458,FR,Alençon,48.4333,0.0833,59.95,87,91,9.04,1601456400
459,KM,Mitsamiouli,-11.3847,43.2844,81.16,73,57,5.46,1601456400
460,ID,Galesong,-5.3166,119.3661,85.84,68,60,11.07,1601456400
461,NZ,Timaru,-44.4,171.25,45.21,71,41,3.11,1601456400
462,FO,Klaksvík,62.2266,-6.589,51.06,89,98,40.51,1601456400
463,CN,Shizuishan,39.2333,106.7694,64.08,55,100,13.31,1601456400
464,AU,Geraldton,-28.7667,114.6,68.97,64,0,12.37,1601456400
465,RU,Abalak,58.1286,68.5944,53.13,78,90,6.62,1601456400
466,YE,Marzuq,14.4,46.4667,88.9,20,29,3.96,1601456400
467,UA,Panyutyne,48.9333,36.2833,66.04,44,98,23.2,1601456400
468,NG,Biu,10.6129,12.1946,74.44,91,96,6.71,1601456400
469,IN,Saiha,22.4833,92.9667,82.42,85,85,1.7,1601456400
470,MX,Ixtapa,20.7,-105.2,76.35,83,77,2.59,1601456400
471,AU,Kununurra,-15.7667,128.7333,87.19,68,69,8.5,1601456400
472,AR,Comodoro Rivadavia,-45.8667,-67.5,41.65,66,18,5.23,1601456400
473,US,Gloversville,43.0528,-74.3438,54.63,97,95,8.55,1601456400
474,US,Plymouth,41.8334,-70.8328,72.32,92,95,18.12,1601456400
475,GE,Khani,41.9563,42.9566,75.78,36,63,6.87,1601456400
476,PK,Dalbandin,28.8947,64.4101,84.72,16,19,3.36,1601456400
477,TH,Kathu,7.9178,98.3332,85.91,69,39,5.95,1601456400
478,RU,Ossora,59.2353,163.0719,43.39,90,41,1.63,1601456400
479,ID,Padang,-0.9492,100.3543,84.69,69,56,1.88,1601456400
480,NO,Gravdal,68.1214,13.5031,52.65,85,86,9.78,1601456400
481,CA,Malartic,48.1335,-78.1328,47.89,95,95,4.94,1601456400
482,BR,Cansanção,-10.6672,-39.4992,63.91,96,17,4.94,1601456400
483,DZ,Dahra,36.2546,0.8519,71.37,67,43,1.43,1601456400
484,US,Philadelphia,39.9523,-75.1638,64.6,81,95,13.04,1601456400
485,VU,Isangel,-19.55,169.2667,71.17,77,35,18.99,1601456400
486,RU,Kropotkin,45.4375,40.5756,73.76,43,99,23.22,1601456400
487,NA,Opuwo,-18.0607,13.84,86.47,17,6,4.79,1601456400
488,RU,Vengerovo,55.6848,76.7471,46.22,60,92,13.18,1601456400
489,US,Kailua,21.4022,-157.7394,78.22,67,20,7.02,1601456400
490,FR,Arrondissement de Poitiers,46.5833,0.3333,61.84,86,53,5.68,1601456400
491,US,Elk Plain,47.0532,-122.3976,58.03,89,46,1.43,1601456400
492,BR,Niquelândia,-14.4739,-48.4597,77.14,22,78,4.63,1601456400
493,AR,San Martín,-33.081,-68.4681,59.29,29,0,9.22,1601456400
494,BR,São José da Coroa Grande,-8.8978,-35.1478,75.29,80,15,8.37,1601456400
495,RU,Mikhaylovka,50.06,43.2379,70.29,26,100,21.94,1601456400
496,CO,Pizarro,4.9533,-77.366,74.82,88,98,5.01,1601456400
497,EC,La Libertad,-2.2333,-80.9,67.17,85,94,8.52,1601456400
498,MX,San Miguel de Cozumel,20.5083,-86.9458,79.66,88,27,8.12,1601456400
499,UY,Chui,-33.6971,-53.4616,50.61,96,1,0.94,1601456400
500,NZ,Pareora,-44.4871,171.2132,46.24,68,51,3.22,1601456400
501,DO,Baní,18.2833,-70.3333,78.21,84,98,5.66,1601456400
502,NE,Bilma,18.6853,12.9164,97.83,11,26,10.51,1601456400
503,CA,Torbay,47.6666,-52.7314,63.5,96,60,12.48,1601456400
504,GB,Brae,60.3964,-1.353,53.46,77,55,26.31,1601456400
505,PE,Hualmay,-11.0964,-77.6139,60.91,86,93,7.67,1601456400
506,MR,Atar,20.5169,-13.0499,90.84,30,0,11.01,1601456400
507,MX,San Quintín,30.4833,-115.95,75.76,53,0,2.19,1601456400
508,ES,Puertollano,38.6871,-4.1073,71.37,44,83,2.01,1601456400
509,ID,Balaipungut,1.05,101.2833,85.05,72,68,3.91,1601456400
510,RU,Tsimmerbude,54.675,20.1347,59.86,72,95,9.33,1601456400
511,CN,Longhua,23.6137,114.1919,81.82,81,51,4.76,1601456400
512,RU,Pangody,65.85,74.4859,44.47,72,100,6.69,1601456400
513,PE,Tingo María,-9.2895,-76.0088,65.66,78,70,1.77,1601456400
514,IN,Dwārka,22.2394,68.9678,84.67,64,8,12.95,1601456400
515,PT,Ponta Delgada,37.7333,-25.6667,65.23,71,50,5.53,1601456400
516,ID,Meulaboh,4.1363,96.1285,85.48,70,98,12.93,1601456400
517,SA,Jizan,17.3333,42.6667,99.93,46,15,6.8,1601456400
518,PT,Vila Franca do Campo,37.7167,-25.4333,64.08,73,53,3.71,1601456400
519,IE,Kilmallock,52.4,-8.5772,53.78,93,96,8.3,1601456400
520,US,Westport,41.1415,-73.3579,71.17,95,100,15.77,1601456400
521,MY,Yong Peng,2.0136,103.0659,85.48,74,76,2.68,1601456400
522,IE,Killarney,52.05,-9.5167,53.11,92,94,5.64,1601456400
523,KE,Garissa,-0.4536,39.6401,90.64,48,46,18.03,1601456400
524,UA,Novomykolayivka,47.9781,35.9102,62.62,76,69,20.42,1601456400
525,IN,Nirmal,19.1,78.35,83.39,75,88,9.13,1601456400
526,ID,Atambua,-9.1061,124.8925,84.02,53,20,1.01,1601456400
527,RU,Talnakh,69.4865,88.3972,29.86,93,42,10.65,1601456400
528,ZA,Richards Bay,-28.783,32.0377,66.63,71,87,7.23,1601456400
529,RU,Suntar,62.1444,117.6319,37.22,72,99,2.62,1601456400
530,CR,Paraíso,9.8383,-83.8656,62.96,93,99,1.59,1601456400
531,CA,The Pas,53.8251,-101.2541,47.5,72,91,14.58,1601456400
532,RU,Novobataysk,46.8981,39.7819,73.4,34,59,27.34,1601456400
533,ID,Gorontalo,0.5412,123.0595,83.93,71,98,2.98,1601456400
534,RU,Ayan,56.45,138.1667,49.55,58,86,12.3,1601456400
535,AU,Ballina,-28.8667,153.5667,65.53,63,69,11.83,1601456400
536,RU,Zelenoborskiy,66.845,32.3622,50.31,81,6,2.93,1601456400
537,MW,Lilongwe,-13.9669,33.7873,86.61,31,52,9.1,1601456400
538,RU,Tulun,54.5611,100.5792,36.68,76,100,8.08,1601456400
539,MU,Souillac,-20.5167,57.5167,76.08,69,51,13.13,1601456400
540,ID,Bima,-8.4667,118.7167,89.73,45,69,1.57,1601456400
541,IS,Hofn,64.2539,-15.2082,45.77,85,87,8.14,1601456400
542,RU,Novyy Urgal,51.0736,132.5642,49.39,56,0,0.74,1601456400
543,EG,Aswān,24.0934,32.907,104.05,14,0,5.28,1601456400
544,RU,Aykhal,66.0,111.5,29.88,69,87,10.63,1601456400
545,RU,Shirokiy,49.758,129.523,52.2,56,0,4.63,1601456400
546,CA,Flin Flon,54.7682,-101.865,44.22,80,96,14.29,1601456400
547,MX,Guerrero Negro,27.9769,-114.0611,78.84,51,1,4.34,1601456400
548,SR,Moengo,5.6167,-54.4,72.81,97,95,1.81,1601456400
549,LK,Trincomalee,8.5711,81.2335,90.21,57,46,15.46,1601456400
550,OM,Nizwá,22.9333,57.5333,95.56,20,5,8.9,1601456400
551,SA,Riyadh,24.6877,46.7219,98.2,11,0,5.73,1601456400
552,LK,Kalmunai,7.4167,81.8167,88.3,58,96,8.81,1601456400
553,TD,Abéché,13.8292,20.8324,83.84,60,100,4.59,1601456400
554,KZ,Kushmurun,52.4503,64.6311,57.96,52,1,9.28,1601456400
555,RU,Leningradskiy,69.3833,178.4167,36.19,80,91,3.44,1601456400
556,BR,Campo Grande,-20.4428,-54.6464,79.84,36,17,2.28,1601456400
557,BR,Linhares,-19.3911,-40.0722,72.36,89,46,2.35,1601456400
558,MZ,Manjacaze,-24.7117,33.8828,69.28,82,100,10.85,1601456400
559,RU,Okhotsk,59.3833,143.3,48.16,71,100,4.76,1601456400
560,RU,Lavrentiya,65.5833,-171.0,33.93,89,0,3.09,1601456400
561,IS,Vestmannaeyjar,63.4427,-20.2734,44.15,75,50,8.75,1601456400
562,CA,Manitouwadge,49.1215,-85.8403,46.18,98,100,2.48,1601456400
563,PH,Marawi,7.9986,124.2928,78.8,82,67,3.27,1601456400
564,CA,Petawawa,45.9001,-77.3328,51.35,97,95,4.03,1601456400
565,IN,Imphal,24.8167,93.95,82.89,65,75,1.54,1601456400
566,ID,Sibolga,1.7427,98.7792,86.05,63,38,4.54,1601456400
567,CO,Puerto Nariño,-3.7703,-70.3831,72.81,99,84,2.68,1601456400
568,BR,Vila Velha,-20.3297,-40.2925,75.2,84,21,6.53,1601456400
569,NZ,Tuatapere,-46.1333,167.6833,45.93,89,97,3.8,1601456400
570,NZ,Kaeo,-35.1,173.7833,49.84,81,45,5.35,1601456400
571,US,Rawlins,41.7911,-107.2387,51.06,34,1,6.85,1601456400
572,PF,Teahupoo,-17.8333,-149.2667,76.37,81,22,22.53,1601456400
573,MX,San Patricio,19.2167,-104.7,79.39,85,100,2.17,1601456400
574,CA,Ferme-Neuve,46.7001,-75.4493,51.67,95,100,0.81,1601456400
575,RU,Amga,60.8953,131.9608,45.3,58,63,2.57,1601456400
576,KZ,Tobol,52.6844,62.5794,58.68,59,8,6.93,1601456400
577,US,San Francisco,37.7749,-122.4194,59.05,94,46,4.97,1601456400
578,MM,Lashio,22.9333,97.75,84.04,73,60,2.33,1601456400
579,PT,Lata,40.1629,-8.3327,64.53,73,99,3.04,1601456400
580,MA,Safi,32.2994,-9.2372,70.27,83,77,5.75,1601456400
581,SE,Lidköping,58.5052,13.1577,58.35,84,83,6.31,1601456400
582,NZ,Gisborne,-38.6533,178.0042,50.31,63,32,5.14,1601456400
583,AO,Malanje,-9.5402,16.341,70.81,85,100,6.11,1601456400
584,ML,Taoudenni,22.6783,-3.9836,100.67,11,2,6.55,1601456400
585,FR,Sorgues,44.0102,4.8738,64.06,71,26,3.18,1601456400
586,SE,Örnsköldsvik,63.2909,18.7153,55.35,90,70,3.83,1601456400
587,NG,Kano,12.0001,8.5167,79.65,71,59,8.1,1601456400
588,US,Wilmington,34.2257,-77.9447,62.44,89,93,8.12,1601456400
589,GB,Sandwick,60.0,-1.25,53.37,80,45,32.5,1601456400
590,KZ,Borovskoy,53.8,64.15,56.97,56,25,5.95,1601456400
591,US,Nānākuli,21.3906,-158.1547,77.81,68,20,4.65,1601456400
592,FI,Keminmaa,65.8596,24.8228,52.72,93,93,6.13,1601456400
593,MX,Miraflores,19.2167,-98.8083,51.13,67,94,4.38,1601456400
594,MX,Durango,24.8333,-104.8333,49.01,77,4,1.23,1601456400
595,PH,Bacalan,11.5464,122.0849,84.43,71,100,3.74,1601456400
596,PT,Rabo de Peixe,37.8,-25.5833,64.13,73,57,5.1,1601456400
597,MX,Pochutla,15.7432,-96.4661,73.09,86,88,3.2,1601456400
598,NO,Berlevåg,70.8578,29.0864,51.82,83,52,3.94,1601456400
599,CY,Paphos,34.7667,32.4167,82.18,60,10,15.55,1601456400
600,IN,Tura,25.5198,90.2201,85.57,78,68,1.59,1601456400
601,KZ,Sarkand,45.41,79.9186,57.09,36,1,8.23,1601456400
602,BR,Carutapera,-1.195,-46.02,77.76,83,7,9.64,1601456400
603,CU,Manzanillo,20.3433,-77.1167,77.4,82,73,2.89,1601456400
604,US,Magalia,39.8121,-121.5783,70.03,26,20,6.44,1601456400
605,TH,Nan,18.8333,100.6667,85.03,76,53,3.51,1601456400
606,CN,Mizhou,35.9947,119.3975,69.48,51,1,7.52,1601456400
607,IN,Zamānia,25.4333,83.5667,90.68,52,11,4.81,1601456400
608,CD,Matadi,-5.8167,13.45,78.1,67,97,4.38,1601456400
609,NA,Oranjemund,-28.55,16.4333,61.03,66,0,23.51,1601456400
610,AR,San Miguel de Tucumán,-26.8241,-65.2226,67.33,43,1,3.6,1601456400
611,RU,Belyy Yar,53.6039,91.3903,44.31,49,40,2.75,1601456400
612,US,Avera,33.194,-82.5271,54.3,72,1,7.74,1601456400
613,IE,Kilrush,52.6397,-9.4833,54.25,90,86,17.05,1601456400
614,UZ,Yangi Marg`ilon,40.4272,71.7189,66.81,43,69,10.11,1601456400
615,PE,Campoverde,-8.4753,-74.8058,70.75,94,91,0.72,1601456400
616,PE,Barranca,-10.75,-77.7667,60.13,90,99,6.33,1601456400
617,RU,Baykit,61.67,96.37,35.98,81,100,8.32,1601456400
618,RU,Ola,59.5833,151.2833,45.32,80,100,7.99,1601456400
619,GB,Wakefield,53.6809,-1.499,54.32,76,82,12.68,1601456400
620,JP,Nara,34.6851,135.8049,74.71,63,87,5.21,1601456400
621,JP,Kamaishi,39.2667,141.8833,63.19,70,25,7.83,1601456400
622,US,Clovis,36.8252,-119.7029,77.02,35,1,3.36,1601456400
623,NE,Ayorou,14.7308,0.9174,90.09,55,97,14.07,1601456400
624,SO,Hobyo,5.3505,48.5268,84.33,63,2,17.47,1601456400
625,IT,Troina,37.7854,14.5985,66.85,64,1,1.99,1601456400
626,MD,Drochia,48.035,27.8161,62.42,74,94,10.74,1601456400
627,RU,Mnogovershinnyy,53.9353,139.9242,42.55,90,63,3.44,1601456400
628,GY,Mabaruma,8.2,-59.7833,72.97,99,77,1.81,1601456400
629,PL,Gmina Jędrzejów,50.6394,20.3045,52.68,95,100,13.89,1601456400
630,CA,Cap-aux-Meules,47.3821,-61.8597,61.52,95,27,23.42,1601456400
631,MN,Mandalgovi,45.7625,106.2708,47.84,48,49,22.01,1601456400
632,CN,Wanning,18.8003,110.3967,86.52,71,86,4.65,1601456400
633,AU,Katherine,-14.4667,132.2667,98.46,17,61,6.46,1601456400
634,SS,Leer,8.3018,30.1418,83.1,74,96,5.3,1601456400
635,ID,Bambanglipuro,-7.95,110.2833,85.6,63,49,14.07,1601456400
636,BR,Itarema,-2.9248,-39.9167,78.93,71,74,17.81,1601456400
637,JP,Fukuechō,32.6881,128.8419,72.52,73,20,20.65,1601456400
638,US,Houma,29.5958,-90.7195,57.72,80,1,2.15,1601456400
639,RU,Pankrushikha,53.8319,80.3406,46.96,54,5,7.96,1601456400
640,EG,Maţāy,28.419,30.7792,103.78,29,0,16.55,1601456400
641,US,Troutdale,45.5393,-122.3873,64.18,57,46,2.93,1601456400
642,SL,Bonthe,7.5264,-12.505,81.68,83,82,0.58,1601456400
643,BO,La Paz,-16.5,-68.15,42.42,85,66,1.57,1601456400
644,US,Venice,27.0998,-82.4543,71.37,89,95,17.47,1601456400
645,PH,Latung,5.5,120.8833,83.84,69,6,4.54,1601456400
646,TZ,Kilindoni,-7.9139,39.6668,78.85,73,78,6.76,1601456400
647,GY,Lethem,3.3803,-59.7968,75.85,68,93,8.75,1601456400
648,RU,Chebenki,51.9337,55.7077,67.26,38,23,6.53,1601456400
649,CA,Calmar,53.2668,-113.8187,39.67,65,10,8.25,1601456400
650,BR,Cururupu,-1.8283,-44.8683,77.54,80,54,6.17,1601456400
651,PL,Kołobrzeg,54.1757,15.5834,60.93,87,85,6.24,1601456400
652,CA,Athabasca,54.7169,-113.2854,41.94,71,0,7.27,1601456400
653,KZ,Zhezkazgan,47.8043,67.7144,63.93,37,38,13.71,1601456400
654,ID,Sembakung,3.8167,117.25,90.36,62,62,3.56,1601456400
655,BR,Guiratinga,-16.3494,-53.7583,78.26,27,96,0.92,1601456400
656,BR,Ilhéus,-14.7889,-39.0494,73.24,89,40,3.76,1601456400
657,RE,Saint-Joseph,-21.3667,55.6167,74.01,68,27,7.99,1601456400
658,TO,Pangai,-19.8,-174.35,79.27,86,49,17.87,1601456400
659,US,Douglas,41.3,-96.167,57.4,66,23,6.91,1601456400
660,RU,Klyuchi,52.2667,79.1667,47.79,52,0,5.23,1601456400
661,RU,Noyabrsk,63.1994,75.4507,44.83,78,100,11.34,1601456400
662,HN,RIO AMARILLO,14.9757,-89.1296,67.42,93,62,1.36,1601456400
663,ES,Agüimes,27.9054,-15.4461,70.63,69,32,11.56,1601456400
664,AT,Melk,48.2274,15.3319,58.35,72,90,7.0,1601456400
665,US,San Angelo,31.4638,-100.437,61.36,43,1,9.37,1601456400
666,JP,Katsuura,35.1333,140.3,69.13,75,14,12.77,1601456400
667,US,Point Pleasant,40.0832,-74.0682,69.15,91,95,11.5,1601456400
668,US,Fallon,39.4735,-118.7774,64.85,30,1,2.62,1601456400
669,LA,Pakxan,18.3778,103.6601,88.61,65,64,5.08,1601456400
670,IS,Akureyri,65.6835,-18.0878,41.85,82,69,6.42,1601456400
671,IT,Naples,40.8333,14.25,69.17,63,0,3.76,1601456400
672,CN,Dali,25.7,100.1833,77.65,53,38,4.97,1601456400
673,TR,Erzin,36.9559,36.2,87.94,56,4,9.33,1601456400
674,RU,Borzya,50.3833,116.5167,54.82,41,75,8.95,1601456400
675,FR,Concarneau,47.875,-3.9225,61.61,85,91,18.68,1601456400
676,GP,Le Moule,16.3332,-61.3473,82.62,87,75,17.07,1601456400
677,ML,Araouane,18.9048,-3.5265,97.99,16,27,7.74,1601456400
678,MX,Benito Juarez,19.385,-99.165,51.28,63,82,3.67,1601456400
679,CN,Yima,34.7381,111.8839,72.48,76,95,10.8,1601456400
680,MX,Nuevo Progreso,23.1667,-97.95,64.27,67,79,5.23,1601456400
681,NO,Vadsø,70.0744,29.7487,49.05,93,65,8.52,1601456400
682,MX,Barra de Tecoanapa,16.5167,-98.75,77.86,86,93,5.17,1601456400
683,US,Ft. Pierce,27.4467,-80.3256,76.26,94,60,6.42,1601456400
684,LK,Batticaloa,7.7102,81.6924,86.76,60,96,9.33,1601456400
685,IT,Maniago,46.1706,12.7078,63.46,65,10,2.26,1601456400
686,US,Rincon,32.296,-81.2354,56.53,86,20,5.75,1601456400
687,CD,Basoko,1.2391,23.616,85.64,75,100,1.92,1601456400
688,AU,Kiama,-34.6833,150.8667,61.32,79,92,10.8,1601456400
689,RU,Vilyuysk,63.7553,121.6247,35.33,79,71,3.13,1601456400
690,NZ,Dunedin,-45.8742,170.5036,47.34,78,84,10.27,1601456400
691,RU,Egvekinot,66.3167,-179.1667,31.44,97,97,2.48,1601456400
692,RO,Asău,46.4333,26.4,56.23,78,100,11.48,1601456400
693,US,Mayo,38.8876,-76.5119,58.71,94,95,15.19,1601456400
694,VN,Qui Nhon,13.7667,109.2333,87.71,68,100,6.76,1601456400
695,PL,Zgorzelec,51.1494,15.0084,54.21,83,76,5.32,1601456400
696,GB,Lerwick,60.1545,-1.1494,53.53,78,48,28.92,1601456400
697,ID,Kupang,-10.1667,123.5833,86.5,54,30,10.11,1601456400
698,ML,Djenné,13.9061,-4.5533,88.45,53,5,12.3,1601456400
699,GR,Goumenissa,40.9439,22.4442,68.67,44,46,8.28,1601456400
700,RU,Yerbogachën,61.2767,108.0108,38.44,66,20,3.98,1601456400
701,BR,São Félix do Xingu,-6.6447,-51.995,73.47,78,43,1.52,1601456400
702,BE,Hoeselt,50.8478,5.4858,60.67,91,67,8.03,1601456400
703,PG,Namatanai,-3.6667,152.4333,81.27,79,72,6.93,1601456400
704,US,Carlsbad,33.1581,-117.3506,71.76,82,1,3.13,1601456400
705,ET,Ginir,7.1333,40.7,68.41,75,95,11.07,1601456400
706,US,Socorro,31.6546,-106.3033,64.18,27,1,3.2,1601456400
707,FR,Le Mans,48.0,0.2,62.17,81,86,10.04,1601456400
708,OM,Salalah,17.0151,54.0924,84.2,61,10,13.35,1601456400
709,PG,Mendi,-6.1761,143.6513,58.53,100,96,0.85,1601456400
710,RU,Anadyr,64.75,177.4833,40.5,78,95,9.37,1601456400
711,US,Hutchinson,38.0608,-97.9298,63.07,41,1,10.98,1601456400
712,CA,Saint-Augustin,51.226,-58.6502,58.82,92,90,20.0,1601456400
713,PY,Benjamín Aceval,-24.9667,-57.5667,80.64,54,25,5.75,1601456400
714,IR,Damāvand,35.7178,52.065,62.94,26,15,7.58,1601456400
715,BA,Potoci,43.4086,17.8786,65.35,61,6,2.73,1601456400
716,GR,Kamari,36.8,25.8167,72.61,61,0,18.25,1601456400
717,US,Port Hueneme,34.1478,-119.1951,75.2,74,1,4.36,1601456400
718,US,Olney,39.1532,-77.0669,55.71,89,95,11.34,1601456400
719,RU,Deputatsky,69.3,139.9,31.44,88,32,29.73,1601456400
